{
  "count": 2,
  "value": [
    {
      "id": 547,
      "rev": 2,
      "fields": {
        "System.AreaPath": "$ProjectName$\\Equipe Web",
        "System.TeamProject": "FormationLinkedIn",
        "System.IterationPath": "$ProjectName$\\Itération 1",
        "System.WorkItemType": "Bug",
        "System.State": "New",
        "System.Reason": "New",
        "System.CreatedDate": "2020-11-30T12:50:45.72Z",
        "System.CreatedBy": "Hinault Donfack <hinault.donfack@outlook.fr>",
        "System.ChangedDate": "2020-11-30T12:52:36.06Z",
        "System.ChangedBy": "Hinault Donfack <hinault.donfack@outlook.fr>",
        "System.Title": "Affichage page d'accueil incorrect",
        "Microsoft.VSTS.Scheduling.Effort": 0.0,
        "System.Description": null,
        "System.AssignedTo": null,
        "Microsoft.VSTS.Scheduling.RemainingWork": 0.0,
        "Microsoft.VSTS.Common.Priority": 2.0,
        "System.BoardLane": null,
        "System.Tags": null,
        "Microsoft.VSTS.TCM.Steps": null,
        "Microsoft.VSTS.TCM.Parameters": null,
        "Microsoft.VSTS.TCM.LocalDataSource": null,
        "Microsoft.VSTS.TCM.AutomationStatus": null,
        "System.History": null
      },
      "relations": [
        {
          "rel": "ArtifactLink",
          "url": "vstfs:///TestManagement/TcmResult/2",
          "attributes": {
            "authorizedDate": "2020-11-30T12:50:45.72Z",
            "id": "5727441",
            "resourceCreatedDate": "2020-11-30T12:50:45.72Z",
            "resourceModifiedDate": "2020-11-30T12:50:45.72Z",
            "revisedDate": "9999-01-01T00:00:00Z",
            "name": "Test Result"
          }
        },
        {
          "rel": "AttachedFile",
          "url": "https://dev.azure.com/hinault/_apis/wit/attachments/166b4863-7d51-4c9b-b63a-6d3310b443ef",
          "attributes": {
            "authorizedDate": "2020-11-30T12:50:45.72Z",
            "id": "5727446",
            "resourceCreatedDate": "2020-11-30T12:50:45.72Z",
            "resourceModifiedDate": "2020-11-30T12:50:45.72Z",
            "revisedDate": "9999-01-01T00:00:00Z",
            "resourceSize": "39024",
            "name": "actionLog-2020-11-30T12-43-41.890Z.jpeg"
          }
        },
        {
          "rel": "AttachedFile",
          "url": "https://dev.azure.com/hinault/_apis/wit/attachments/33697df9-bdda-4719-bf70-b5a23151677f",
          "attributes": {
            "authorizedDate": "2020-11-30T12:50:45.72Z",
            "id": "5727454",
            "resourceCreatedDate": "2020-11-30T12:50:45.72Z",
            "resourceModifiedDate": "2020-11-30T12:50:45.72Z",
            "revisedDate": "9999-01-01T00:00:00Z",
            "resourceSize": "103526",
            "name": "actionLog-2020-11-30T12-49-28.622Z.jpeg"
          }
        },
        {
          "rel": "ArtifactLink",
          "url": "vstfs:///TestManagement/TcmResultAttachment/0.0.61",
          "attributes": {
            "authorizedDate": "2020-11-30T12:50:45.72Z",
            "id": "5727442",
            "resourceCreatedDate": "2020-11-30T12:50:45.72Z",
            "resourceModifiedDate": "2020-11-30T12:50:45.72Z",
            "revisedDate": "9999-01-01T00:00:00Z",
            "name": "Result Attachment"
          }
        },
        {
          "rel": "AttachedFile",
          "url": "https://dev.azure.com/hinault/_apis/wit/attachments/a1f7d0a5-972b-4555-a554-27ab07cba4dd",
          "attributes": {
            "authorizedDate": "2020-11-30T12:50:45.72Z",
            "id": "5727449",
            "resourceCreatedDate": "2020-11-30T12:50:45.72Z",
            "resourceModifiedDate": "2020-11-30T12:50:45.72Z",
            "revisedDate": "9999-01-01T00:00:00Z",
            "resourceSize": "41251",
            "name": "actionLog-2020-11-30T12-48-01.812Z.jpeg"
          }
        },
        {
          "rel": "AttachedFile",
          "url": "https://dev.azure.com/hinault/_apis/wit/attachments/66349ce7-61e2-45fd-b323-90ebeaee5426",
          "attributes": {
            "authorizedDate": "2020-11-30T12:50:45.72Z",
            "id": "5727447",
            "resourceCreatedDate": "2020-11-30T12:50:45.72Z",
            "resourceModifiedDate": "2020-11-30T12:50:45.72Z",
            "revisedDate": "9999-01-01T00:00:00Z",
            "resourceSize": "52557",
            "name": "actionLog-2020-11-30T12-43-52.644Z.jpeg"
          }
        },
        {
          "rel": "AttachedFile",
          "url": "https://dev.azure.com/hinault/_apis/wit/attachments/c90d1375-bf1c-4d75-bcc2-92b96ec770cf",
          "attributes": {
            "authorizedDate": "2020-11-30T12:50:45.72Z",
            "id": "5727455",
            "resourceCreatedDate": "2020-11-30T12:50:45.72Z",
            "resourceModifiedDate": "2020-11-30T12:50:45.72Z",
            "revisedDate": "9999-01-01T00:00:00Z",
            "resourceSize": "106390",
            "name": "actionLog-2020-11-30T12-49-10.309Z.jpeg"
          }
        },
        {
          "rel": "AttachedFile",
          "url": "https://dev.azure.com/hinault/_apis/wit/attachments/60450f62-691a-4de4-abf8-d4f796b13253",
          "attributes": {
            "authorizedDate": "2020-11-30T12:50:45.72Z",
            "id": "5727445",
            "resourceCreatedDate": "2020-11-30T12:50:45.72Z",
            "resourceModifiedDate": "2020-11-30T12:50:45.72Z",
            "revisedDate": "9999-01-01T00:00:00Z",
            "resourceSize": "38957",
            "name": "actionLog-2020-11-30T12-43-40.664Z.jpeg"
          }
        },
        {
          "rel": "AttachedFile",
          "url": "https://dev.azure.com/hinault/_apis/wit/attachments/eaf9c7da-f918-43db-95c1-77acccb2be31",
          "attributes": {
            "authorizedDate": "2020-11-30T12:50:45.72Z",
            "id": "5727443",
            "resourceCreatedDate": "2020-11-30T12:50:45.72Z",
            "resourceModifiedDate": "2020-11-30T12:50:45.72Z",
            "revisedDate": "9999-01-01T00:00:00Z",
            "resourceSize": "39541",
            "name": "actionLog-2020-11-30T12-43-37.495Z.jpeg"
          }
        },
        {
          "rel": "AttachedFile",
          "url": "https://dev.azure.com/hinault/_apis/wit/attachments/5a02e4c8-3732-40b8-88d6-adae57ebb7f8",
          "attributes": {
            "authorizedDate": "2020-11-30T12:50:45.72Z",
            "id": "5727448",
            "resourceCreatedDate": "2020-11-30T12:50:45.72Z",
            "resourceModifiedDate": "2020-11-30T12:50:45.72Z",
            "revisedDate": "9999-01-01T00:00:00Z",
            "resourceSize": "51623",
            "name": "actionLog-2020-11-30T12-43-56.328Z.jpeg"
          }
        },
        {
          "rel": "AttachedFile",
          "url": "https://dev.azure.com/hinault/_apis/wit/attachments/71215253-d10f-40c3-ad68-b6d0be118cba",
          "attributes": {
            "authorizedDate": "2020-11-30T12:50:45.72Z",
            "id": "5727444",
            "resourceCreatedDate": "2020-11-30T12:50:45.72Z",
            "resourceModifiedDate": "2020-11-30T12:50:45.72Z",
            "revisedDate": "9999-01-01T00:00:00Z",
            "resourceSize": "49799",
            "name": "actionLog-2020-11-30T12-43-39.213Z.jpeg"
          }
        },
        {
          "rel": "AttachedFile",
          "url": "https://dev.azure.com/hinault/_apis/wit/attachments/dc8d766c-c211-4eb0-991b-8292c93dc09c",
          "attributes": {
            "authorizedDate": "2020-11-30T12:50:45.72Z",
            "id": "5727450",
            "resourceCreatedDate": "2020-11-30T12:50:45.72Z",
            "resourceModifiedDate": "2020-11-30T12:50:45.72Z",
            "revisedDate": "9999-01-01T00:00:00Z",
            "resourceSize": "41545",
            "name": "actionLog-2020-11-30T12-48-02.923Z.jpeg"
          }
        },
        {
          "rel": "AttachedFile",
          "url": "https://dev.azure.com/hinault/_apis/wit/attachments/a1d5875e-f276-4255-be08-51082003492d",
          "attributes": {
            "authorizedDate": "2020-11-30T12:50:45.72Z",
            "id": "5727456",
            "resourceCreatedDate": "2020-11-30T12:50:45.72Z",
            "resourceModifiedDate": "2020-11-30T12:50:45.72Z",
            "revisedDate": "9999-01-01T00:00:00Z",
            "resourceSize": "108388",
            "name": "actionLog-2020-11-30T12-49-31.023Z.jpeg"
          }
        },
        {
          "rel": "AttachedFile",
          "url": "https://dev.azure.com/hinault/_apis/wit/attachments/19739d2d-132d-40ca-8231-b8f360d38cc8",
          "attributes": {
            "authorizedDate": "2020-11-30T12:50:45.72Z",
            "id": "5727453",
            "resourceCreatedDate": "2020-11-30T12:50:45.72Z",
            "resourceModifiedDate": "2020-11-30T12:50:45.72Z",
            "revisedDate": "9999-01-01T00:00:00Z",
            "resourceSize": "89250",
            "name": "actionLog-2020-11-30T12-45-58.561Z.jpeg"
          }
        },
        {
          "rel": "AttachedFile",
          "url": "https://dev.azure.com/hinault/_apis/wit/attachments/e471dfcb-6c1d-4610-aca4-830668fdfae6",
          "attributes": {
            "authorizedDate": "2020-11-30T12:50:45.72Z",
            "id": "5727451",
            "resourceCreatedDate": "2020-11-30T12:50:45.72Z",
            "resourceModifiedDate": "2020-11-30T12:50:45.72Z",
            "revisedDate": "9999-01-01T00:00:00Z",
            "resourceSize": "50259",
            "name": "actionLog-2020-11-30T12-48-00.306Z.jpeg"
          }
        },
        {
          "rel": "AttachedFile",
          "url": "https://dev.azure.com/hinault/_apis/wit/attachments/c7ccdb24-8308-4ace-aefb-bd1c37d23417",
          "attributes": {
            "authorizedDate": "2020-11-30T12:50:45.72Z",
            "id": "5727457",
            "resourceCreatedDate": "2020-11-30T12:50:45.72Z",
            "resourceModifiedDate": "2020-11-30T12:50:45.72Z",
            "revisedDate": "9999-01-01T00:00:00Z",
            "resourceSize": "112443",
            "name": "actionLog-2020-11-30T12-46-19.909Z.jpeg"
          }
        },
        {
          "rel": "AttachedFile",
          "url": "https://dev.azure.com/hinault/_apis/wit/attachments/28cc0839-7456-47bb-8ddf-20e12e7fdbc3",
          "attributes": {
            "authorizedDate": "2020-11-30T12:50:45.72Z",
            "id": "5727452",
            "resourceCreatedDate": "2020-11-30T12:50:45.72Z",
            "resourceModifiedDate": "2020-11-30T12:50:45.72Z",
            "revisedDate": "9999-01-01T00:00:00Z",
            "resourceSize": "51473",
            "name": "actionLog-2020-11-30T12-44-56.503Z.jpeg"
          }
        }
      ],
      "url": "https://dev.azure.com/hinault/_apis/wit/workItems/547"
    },
    {
      "id": 533,
      "rev": 7,
      "fields": {
        "System.AreaPath": "$ProjectName$\\Equipe Web",
        "System.TeamProject": "FormationLinkedIn",
        "System.IterationPath": "$ProjectName$\\Itération 1",
        "System.WorkItemType": "Bug",
        "System.State": "Resolved",
        "System.Reason": "Fixed",
        "System.CreatedDate": "2020-11-27T12:26:31.867Z",
        "System.CreatedBy": "Hinault Donfack <hinault.donfack@outlook.fr>",
        "System.ChangedDate": "2020-11-28T15:22:34.133Z",
        "System.ChangedBy": "Hinault Donfack <hinault.donfack@outlook.fr>",
        "System.Title": "Libellé non conforme",
        "Microsoft.VSTS.Scheduling.Effort": 0.0,
        "System.Description": null,
        "System.AssignedTo": "Hinault Donfack <hinault.donfack@outlook.fr>",
        "Microsoft.VSTS.Scheduling.RemainingWork": 0.0,
        "Microsoft.VSTS.Common.Priority": 2.0,
        "System.BoardLane": null,
        "System.Tags": null,
        "Microsoft.VSTS.TCM.Steps": null,
        "Microsoft.VSTS.TCM.Parameters": null,
        "Microsoft.VSTS.TCM.LocalDataSource": null,
        "Microsoft.VSTS.TCM.AutomationStatus": null,
        "System.History": null
      },
      "relations": [
        {
          "rel": "System.LinkTypes.Hierarchy-Reverse",
          "url": "https://dev.azure.com/hinault/_apis/wit/workItems/525",
          "attributes": {
            "isLocked": "false",
            "name": "Parent"
          }
        }
      ],
      "url": "https://dev.azure.com/hinault/_apis/wit/workItems/533"
    }
  ],
  "HttpStatusCode": 0,
  "Message": null
}